{
  "2x2|d1x|p1x": {
    "loss": 0.5040144140625,
    "active_acc": 0.0,
    "head_acc": 0.0185,
    "food_acc": 0.028,
    "exact_match": 0.0,
    "rollout_head_track": 0.016975308641975308,
    "rollout_active_agreement": 0.0,
    "steps_head_diverge": 1.0,
    "params": 1200528,
    "hidden": 512,
    "train_n": 200,
    "epochs": 10,
    "flops": 14406336000,
    "seconds": 5.4
  },
  "2x2|d1x|p10x": {
    "loss": 0.39660884765625,
    "active_acc": 0.0,
    "head_acc": 0.006,
    "food_acc": 0.01825,
    "exact_match": 0.0,
    "rollout_head_track": 0.009880050505050504,
    "rollout_active_agreement": 0.0,
    "steps_head_diverge": 1.0,
    "params": 12014091,
    "hidden": 1871,
    "train_n": 200,
    "epochs": 10,
    "flops": 144169092000,
    "seconds": 4.1
  },
  "2x2|d10x|p1x": {
    "loss": 0.271878798828125,
    "active_acc": 0.0,
    "head_acc": 0.01925,
    "food_acc": 0.01425,
    "exact_match": 0.0,
    "rollout_head_track": 0.02277232798066131,
    "rollout_active_agreement": 0.0,
    "steps_head_diverge": 1.0,
    "params": 1200528,
    "hidden": 512,
    "train_n": 2000,
    "epochs": 10,
    "flops": 144063360000,
    "seconds": 2.4
  },
  "2x2|d10x|p10x": {
    "loss": 0.272862529296875,
    "active_acc": 0.0,
    "head_acc": 0.01625,
    "food_acc": 0.01425,
    "exact_match": 0.0,
    "rollout_head_track": 0.009924435930183056,
    "rollout_active_agreement": 0.0,
    "steps_head_diverge": 1.0,
    "params": 12014091,
    "hidden": 1871,
    "train_n": 2000,
    "epochs": 10,
    "flops": 1441690920000,
    "seconds": 13.6
  },
  "3x3|d1x|e1x": {
    "loss": 0.5040144140625,
    "active_acc": 0.0,
    "head_acc": 0.0185,
    "food_acc": 0.028,
    "exact_match": 0.0,
    "rollout_head_track": 0.016975308641975308,
    "rollout_active_agreement": 0.0,
    "steps_head_diverge": 1.0,
    "params": 1200528,
    "hidden": 512,
    "train_n": 200,
    "epochs": 10,
    "flops": 14406336000,
    "seconds": 1.2
  },
  "3x3|d1x|e3.2x": {
    "loss": 0.312256728515625,
    "active_acc": 0.0,
    "head_acc": 0.01925,
    "food_acc": 0.01625,
    "exact_match": 0.0,
    "rollout_head_track": 0.02277232798066131,
    "rollout_active_agreement": 0.0,
    "steps_head_diverge": 1.0,
    "params": 1200528,
    "hidden": 512,
    "train_n": 200,
    "epochs": 32,
    "flops": 46100275200,
    "seconds": 1.8
  },
  "3x3|d1x|e10x": {
    "loss": 0.32458125,
    "active_acc": 0.0,
    "head_acc": 0.006,
    "food_acc": 0.01625,
    "exact_match": 0.0,
    "rollout_head_track": 0.009880050505050504,
    "rollout_active_agreement": 0.0,
    "steps_head_diverge": 1.0,
    "params": 1200528,
    "hidden": 512,
    "train_n": 200,
    "epochs": 100,
    "flops": 144063360000,
    "seconds": 4.1
  },
  "3x3|d3.2x|e1x": {
    "loss": 0.296609072265625,
    "active_acc": 0.0,
    "head_acc": 0.01925,
    "food_acc": 0.0115,
    "exact_match": 0.0,
    "rollout_head_track": 0.02277232798066131,
    "rollout_active_agreement": 0.0,
    "steps_head_diverge": 1.0,
    "params": 1200528,
    "hidden": 512,
    "train_n": 632,
    "epochs": 10,
    "flops": 45524021760,
    "seconds": 1.5
  },
  "3x3|d3.2x|e3.2x": {
    "loss": 0.285484892578125,
    "active_acc": 0.0,
    "head_acc": 0.01925,
    "food_acc": 0.0115,
    "exact_match": 0.0,
    "rollout_head_track": 0.02277232798066131,
    "rollout_active_agreement": 0.0,
    "steps_head_diverge": 1.0,
    "params": 1200528,
    "hidden": 512,
    "train_n": 632,
    "epochs": 32,
    "flops": 145676869632,
    "seconds": 3.2
  },
  "3x3|d3.2x|e10x": {
    "loss": 0.2885434375,
    "active_acc": 0.0,
    "head_acc": 0.02275,
    "food_acc": 0.0115,
    "exact_match": 0.0,
    "rollout_head_track": 0.01439043209876543,
    "rollout_active_agreement": 0.0,
    "steps_head_diverge": 1.0,
    "params": 1200528,
    "hidden": 512,
    "train_n": 632,
    "epochs": 100,
    "flops": 455240217600,
    "seconds": 7.5
  },
  "3x3|d10x|e1x": {
    "loss": 0.271878798828125,
    "active_acc": 0.0,
    "head_acc": 0.01925,
    "food_acc": 0.01425,
    "exact_match": 0.0,
    "rollout_head_track": 0.02277232798066131,
    "rollout_active_agreement": 0.0,
    "steps_head_diverge": 1.0,
    "params": 1200528,
    "hidden": 512,
    "train_n": 2000,
    "epochs": 10,
    "flops": 144063360000,
    "seconds": 2.7
  },
  "3x3|d10x|e3.2x": {
    "loss": 0.269705361328125,
    "active_acc": 0.0,
    "head_acc": 0.01925,
    "food_acc": 0.0115,
    "exact_match": 0.0,
    "rollout_head_track": 0.02277232798066131,
    "rollout_active_agreement": 0.0,
    "steps_head_diverge": 1.0,
    "params": 1200528,
    "hidden": 512,
    "train_n": 2000,
    "epochs": 32,
    "flops": 461002752000,
    "seconds": 6.5
  },
  "3x3|d10x|e10x": {
    "loss": 0.2320120703125,
    "active_acc": 0.35440379688353146,
    "head_acc": 0.02225,
    "food_acc": 0.01325,
    "exact_match": 0.0,
    "rollout_head_track": 0.012358498780912573,
    "rollout_active_agreement": 0.036151257350648655,
    "steps_head_diverge": 1.0,
    "params": 1200528,
    "hidden": 512,
    "train_n": 2000,
    "epochs": 100,
    "flops": 1440633600000,
    "seconds": 16.2
  }
}